Type,Name,City,Blood_Group,Units_Available,Expiry_Date,Emergency_Requests,Daily_Usage,Future_Demand
Blood Bank,City Blood Bank,Chennai,O+,48,09-06-2026,1,11,57
Blood Bank,City Blood Bank,Chennai,AB-,28,09-06-2026,6,13,77
Blood Bank,Hope Blood Center,Chennai,A-,57,05-06-2026,8,7,51
Blood Bank,Hope Blood Center,Chennai,B-,18,24-06-2026,7,14,84
Blood Bank,Hope Blood Center,Chennai,B+,33,26-06-2026,2,9,49
Blood Bank,Hope Blood Center,Chennai,O-,5,29-05-2026,5,14,80
Blood Bank,Hope Blood Center,Chennai,B+,17,01-06-2026,2,5,29
Blood Bank,Hope Blood Center,Chennai,O-,39,23-06-2026,7,3,29
Blood Bank,Hope Blood Center,Chennai,AB-,22,02-07-2026,4,9,53
Blood Bank,LifeCare Blood Bank,Chennai,A-,41,16-06-2026,7,6,44
Blood Bank,LifeCare Blood Bank,Chennai,B+,35,22-05-2026,0,3,15
Blood Bank,LifeCare Blood Bank,Chennai,AB+,47,08-06-2026,4,15,83
Blood Bank,LifeCare Blood Bank,Chennai,B-,41,02-07-2026,0,11,55
Blood Bank,LifeCare Blood Bank,Chennai,O-,29,12-06-2026,1,13,67
Blood Bank,LifeCare Blood Bank,Chennai,B-,10,01-07-2026,4,7,43
Blood Bank,LifeCare Blood Bank,Chennai,AB+,14,29-05-2026,0,3,15
Blood Bank,LifeCare Blood Bank,Chennai,B-,19,11-06-2026,7,6,44
Blood Bank,LifeCare Blood Bank,Chennai,AB+,50,05-06-2026,6,10,62
Blood Bank,LifeCare Blood Bank,Chennai,B+,20,30-05-2026,0,15,75
Blood Bank,LifeCare Blood Bank,Chennai,A-,3,30-06-2026,0,15,75
Blood Bank,LifeCare Blood Bank,Chennai,O+,58,14-06-2026,4,6,38
Blood Bank,Lions Blood Bank,Chennai,A-,29,30-05-2026,1,8,42
Blood Bank,Lions Blood Bank,Chennai,AB-,51,29-05-2026,0,7,35
Blood Bank,Lions Blood Bank,Chennai,O-,55,12-06-2026,5,12,70
Blood Bank,Lions Blood Bank,Chennai,A+,54,24-05-2026,8,12,76
Blood Bank,Red Cross Blood Bank,Chennai,O+,6,24-06-2026,7,10,64
Blood Bank,Red Cross Blood Bank,Chennai,AB+,23,12-06-2026,0,7,35
Blood Bank,Red Cross Blood Bank,Chennai,AB-,59,28-06-2026,3,9,51
Blood Bank,Rotary Blood Center,Chennai,AB+,57,17-06-2026,3,15,81
Blood Bank,Rotary Blood Center,Chennai,O-,48,16-06-2026,5,3,25
Blood Bank,Rotary Blood Center,Chennai,AB-,11,28-06-2026,1,8,42
Blood Bank,Rotary Blood Center,Chennai,AB-,16,01-07-2026,0,7,35
Blood Bank,Rotary Blood Center,Chennai,B+,34,12-06-2026,5,9,55
Blood Bank,Rotary Blood Center,Chennai,A+,48,31-05-2026,4,5,33
Blood Bank,Rotary Blood Center,Chennai,AB-,11,18-06-2026,3,14,76
Hospital,Apollo Chennai,Chennai,B-,13,01-06-2026,17,20,134
Hospital,Apollo Chennai,Chennai,A-,44,04-06-2026,7,15,89
Hospital,Apollo Chennai,Chennai,B+,16,28-05-2026,12,16,104
Hospital,Apollo Chennai,Chennai,A-,16,23-06-2026,14,25,153
Hospital,Apollo Chennai,Chennai,O-,21,15-06-2026,8,16,96
Hospital,Apollo Chennai,Chennai,AB+,35,07-06-2026,18,10,86
Hospital,CMC Vellore,Chennai,A-,14,03-06-2026,18,11,91
Hospital,CMC Vellore,Chennai,A-,60,12-06-2026,15,25,155
Hospital,CMC Vellore,Chennai,O+,23,09-06-2026,13,11,81
Hospital,CMC Vellore,Chennai,AB-,20,13-06-2026,17,25,159
Hospital,CMC Vellore,Chennai,B+,50,29-06-2026,9,30,168
Hospital,CMC Vellore,Chennai,AB-,35,10-06-2026,15,14,100
Hospital,Fortis Chennai,Chennai,AB+,55,29-05-2026,9,29,163
Hospital,Fortis Chennai,Chennai,B-,48,29-05-2026,15,23,145
Hospital,GH Chennai,Chennai,A+,56,10-06-2026,6,17,97
Hospital,GH Chennai,Chennai,A+,23,23-06-2026,14,29,173
Hospital,GH Chennai,Chennai,AB-,39,28-06-2026,18,17,121
Hospital,Kauvery Hospital,Chennai,A+,3,28-05-2026,17,26,164
Hospital,Kauvery Hospital,Chennai,O-,43,20-06-2026,19,21,143
Hospital,MIOT Hospital,Chennai,O+,18,18-06-2026,7,17,99
Hospital,MIOT Hospital,Chennai,B-,60,05-06-2026,14,24,148
Hospital,MIOT Hospital,Chennai,A+,41,27-06-2026,19,25,163
Hospital,MIOT Hospital,Chennai,A-,30,08-06-2026,16,17,117
Hospital,SIMS Hospital,Chennai,O+,6,03-06-2026,14,27,163
Hospital,SIMS Hospital,Chennai,O-,30,02-07-2026,15,30,180
Hospital,SRM Medical Center,Chennai,AB+,23,30-06-2026,15,18,120
Hospital,SRM Medical Center,Chennai,O+,27,10-06-2026,9,16,98
Hospital,SRM Medical Center,Chennai,O-,17,30-06-2026,14,30,178
Hospital,SRM Medical Center,Chennai,B+,41,02-07-2026,14,18,118
Hospital,Sri Ramachandra Hospital,Chennai,A-,10,29-06-2026,20,12,100
Hospital,Sri Ramachandra Hospital,Chennai,B-,34,12-06-2026,19,23,153
Hospital,Sri Ramachandra Hospital,Chennai,A+,9,20-05-2026,13,15,101
Hospital,Sri Ramachandra Hospital,Chennai,A-,34,29-05-2026,18,15,111
Hospital,Vijaya Hospital,Chennai,O-,55,09-06-2026,17,20,134
Hospital,Vijaya Hospital,Chennai,AB+,30,30-06-2026,12,29,169
Hospital,Vijaya Hospital,Chennai,AB-,43,11-06-2026,10,24,140
Blood Bank,City Blood Bank,Coimbatore,O+,48,24-06-2026,8,10,66
Blood Bank,City Blood Bank,Coimbatore,A+,51,29-06-2026,6,14,82
Blood Bank,City Blood Bank,Coimbatore,B+,21,09-06-2026,7,5,39
Blood Bank,City Blood Bank,Coimbatore,A-,21,04-06-2026,2,14,74
Blood Bank,City Blood Bank,Coimbatore,AB+,17,12-06-2026,8,12,76
Blood Bank,City Blood Bank,Coimbatore,B+,9,23-06-2026,2,13,69
Blood Bank,Hope Blood Center,Coimbatore,B-,43,09-06-2026,8,7,51
Blood Bank,Hope Blood Center,Coimbatore,O+,21,29-06-2026,1,15,77
Blood Bank,Hope Blood Center,Coimbatore,O-,55,08-06-2026,6,13,77
Blood Bank,Hope Blood Center,Coimbatore,O+,56,23-05-2026,1,8,42
Blood Bank,Hope Blood Center,Coimbatore,A+,12,29-05-2026,4,7,43
Blood Bank,Hope Blood Center,Coimbatore,AB-,19,30-06-2026,3,14,76
Blood Bank,LifeCare Blood Bank,Coimbatore,AB-,15,10-06-2026,1,8,42
Blood Bank,LifeCare Blood Bank,Coimbatore,AB+,12,02-06-2026,5,2,20
Blood Bank,LifeCare Blood Bank,Coimbatore,B+,43,22-06-2026,5,5,35
Blood Bank,LifeCare Blood Bank,Coimbatore,O+,51,22-06-2026,7,2,24
Blood Bank,LifeCare Blood Bank,Coimbatore,A+,14,26-06-2026,0,4,20
Blood Bank,Lions Blood Bank,Coimbatore,O-,16,24-05-2026,6,4,32
Blood Bank,Lions Blood Bank,Coimbatore,A-,9,29-05-2026,4,7,43
Blood Bank,Lions Blood Bank,Coimbatore,O-,30,16-06-2026,8,12,76
Blood Bank,Lions Blood Bank,Coimbatore,A+,46,23-06-2026,5,4,30
Blood Bank,Lions Blood Bank,Coimbatore,AB-,44,02-07-2026,7,10,64
Blood Bank,Lions Blood Bank,Coimbatore,A-,23,17-06-2026,4,2,18
Blood Bank,Lions Blood Bank,Coimbatore,AB-,20,26-06-2026,7,14,84
Blood Bank,Red Cross Blood Bank,Coimbatore,B-,42,24-05-2026,8,2,26
Blood Bank,Red Cross Blood Bank,Coimbatore,O-,31,17-06-2026,0,11,55
Blood Bank,Red Cross Blood Bank,Coimbatore,A-,42,25-05-2026,0,7,35
Blood Bank,Red Cross Blood Bank,Coimbatore,B-,25,25-05-2026,6,10,62
Blood Bank,Red Cross Blood Bank,Coimbatore,A-,4,04-06-2026,4,5,33
Blood Bank,Rotary Blood Center,Coimbatore,B+,13,15-06-2026,6,13,77
Blood Bank,Rotary Blood Center,Coimbatore,AB+,15,27-05-2026,7,6,44
Blood Bank,Rotary Blood Center,Coimbatore,A-,54,01-06-2026,8,11,71
Blood Bank,Rotary Blood Center,Coimbatore,O-,32,03-06-2026,0,12,60
Hospital,Apollo Chennai,Coimbatore,A-,14,25-06-2026,15,22,140
Hospital,Apollo Chennai,Coimbatore,B-,30,09-06-2026,13,22,136
Hospital,Fortis Chennai,Coimbatore,O+,57,14-06-2026,13,13,91
Hospital,GH Chennai,Coimbatore,A-,19,16-06-2026,13,30,176
Hospital,GH Chennai,Coimbatore,AB+,29,27-05-2026,6,15,87
Hospital,GH Chennai,Coimbatore,AB-,49,14-06-2026,18,14,106
Hospital,GH Chennai,Coimbatore,O+,12,28-05-2026,20,11,95
Hospital,Kauvery Hospital,Coimbatore,B-,15,21-05-2026,19,21,143
Hospital,Kauvery Hospital,Coimbatore,O-,17,01-07-2026,19,30,188
Hospital,Kauvery Hospital,Coimbatore,O+,6,12-06-2026,13,21,131
Hospital,MIOT Hospital,Coimbatore,O-,58,21-06-2026,7,15,89
Hospital,SIMS Hospital,Coimbatore,AB-,36,12-06-2026,8,22,126
Hospital,SIMS Hospital,Coimbatore,B-,1,05-06-2026,9,25,143
Hospital,SRM Medical Center,Coimbatore,O-,19,16-06-2026,5,22,120
Hospital,SRM Medical Center,Coimbatore,B+,24,08-06-2026,18,24,156
Hospital,Sri Ramachandra Hospital,Coimbatore,A-,57,04-06-2026,13,14,96
Hospital,Sri Ramachandra Hospital,Coimbatore,O+,1,28-06-2026,12,14,94
Hospital,Sri Ramachandra Hospital,Coimbatore,O-,34,13-06-2026,11,27,157
Hospital,Sri Ramachandra Hospital,Coimbatore,O+,44,27-06-2026,11,11,77
Hospital,Vijaya Hospital,Coimbatore,AB-,18,27-06-2026,11,21,127
Hospital,Vijaya Hospital,Coimbatore,AB-,8,14-06-2026,7,20,114
Hospital,Vijaya Hospital,Coimbatore,O-,16,02-07-2026,14,30,178
Blood Bank,City Blood Bank,Madurai,O+,58,26-06-2026,0,5,25
Blood Bank,City Blood Bank,Madurai,AB-,43,02-07-2026,7,2,24
Blood Bank,City Blood Bank,Madurai,AB+,54,25-05-2026,4,14,78
Blood Bank,City Blood Bank,Madurai,O+,7,03-07-2026,8,6,46
Blood Bank,City Blood Bank,Madurai,O+,11,01-06-2026,4,14,78
Blood Bank,City Blood Bank,Madurai,O-,24,22-06-2026,5,4,30
Blood Bank,City Blood Bank,Madurai,B+,55,21-06-2026,8,10,66
Blood Bank,Hope Blood Center,Madurai,B+,43,25-05-2026,3,10,56
Blood Bank,Hope Blood Center,Madurai,B+,40,23-06-2026,2,15,79
Blood Bank,Hope Blood Center,Madurai,AB+,33,23-06-2026,4,13,73
Blood Bank,Hope Blood Center,Madurai,AB+,22,28-06-2026,2,3,19
Blood Bank,Hope Blood Center,Madurai,O+,18,22-05-2026,1,15,77
Blood Bank,Hope Blood Center,Madurai,A-,16,16-06-2026,5,3,25
Blood Bank,Hope Blood Center,Madurai,O+,53,25-06-2026,7,10,64
Blood Bank,LifeCare Blood Bank,Madurai,B+,3,08-06-2026,8,4,36
Blood Bank,LifeCare Blood Bank,Madurai,B-,17,22-05-2026,8,3,31
Blood Bank,LifeCare Blood Bank,Madurai,O-,29,21-05-2026,3,13,71
Blood Bank,LifeCare Blood Bank,Madurai,AB+,13,27-05-2026,5,2,20
Blood Bank,Lions Blood Bank,Madurai,A-,53,24-05-2026,0,6,30
Blood Bank,Lions Blood Bank,Madurai,AB-,22,24-06-2026,7,10,64
Blood Bank,Lions Blood Bank,Madurai,B+,11,31-05-2026,3,10,56
Blood Bank,Lions Blood Bank,Madurai,O-,41,08-06-2026,7,3,29
Blood Bank,Lions Blood Bank,Madurai,A+,47,11-06-2026,7,7,49
Blood Bank,Lions Blood Bank,Madurai,B-,8,28-05-2026,4,13,73
Blood Bank,Lions Blood Bank,Madurai,O-,12,07-06-2026,0,15,75
Blood Bank,Red Cross Blood Bank,Madurai,AB-,18,29-05-2026,2,13,69
Blood Bank,Red Cross Blood Bank,Madurai,O+,46,29-06-2026,5,11,65
Blood Bank,Red Cross Blood Bank,Madurai,B+,35,07-06-2026,6,3,27
Blood Bank,Red Cross Blood Bank,Madurai,O-,19,23-06-2026,0,6,30
Blood Bank,Red Cross Blood Bank,Madurai,AB+,53,28-06-2026,6,10,62
Blood Bank,Rotary Blood Center,Madurai,O-,6,19-06-2026,2,11,59
Blood Bank,Rotary Blood Center,Madurai,A-,6,25-05-2026,2,12,64
Blood Bank,Rotary Blood Center,Madurai,O+,6,02-07-2026,6,9,57
Hospital,Apollo Chennai,Madurai,A-,30,15-06-2026,6,17,97
Hospital,Apollo Chennai,Madurai,A-,32,17-06-2026,20,22,150
Hospital,Apollo Chennai,Madurai,O+,35,13-06-2026,5,19,105
Hospital,CMC Vellore,Madurai,O+,13,26-05-2026,20,17,125
Hospital,Fortis Chennai,Madurai,A-,23,11-06-2026,8,12,76
Hospital,GH Chennai,Madurai,AB-,49,17-06-2026,19,14,108
Hospital,GH Chennai,Madurai,O-,4,29-06-2026,17,22,144
Hospital,Kauvery Hospital,Madurai,O+,24,03-06-2026,13,28,166
Hospital,Kauvery Hospital,Madurai,A+,39,29-05-2026,16,21,137
Hospital,Kauvery Hospital,Madurai,AB-,46,19-06-2026,6,13,77
Hospital,Kauvery Hospital,Madurai,AB-,45,24-05-2026,7,11,69
Hospital,Kauvery Hospital,Madurai,AB+,3,24-05-2026,11,28,162
Hospital,MIOT Hospital,Madurai,A+,55,19-06-2026,10,13,85
Hospital,MIOT Hospital,Madurai,AB-,30,17-06-2026,14,16,108
Hospital,MIOT Hospital,Madurai,AB-,36,26-05-2026,6,30,162
Hospital,SIMS Hospital,Madurai,AB-,37,26-05-2026,7,25,139
Hospital,SRM Medical Center,Madurai,O-,34,05-06-2026,7,22,124
Hospital,SRM Medical Center,Madurai,O-,56,23-05-2026,16,23,147
Hospital,SRM Medical Center,Madurai,A+,17,23-06-2026,16,12,92
Hospital,SRM Medical Center,Madurai,AB-,60,21-05-2026,7,17,99
Hospital,Sri Ramachandra Hospital,Madurai,AB+,56,26-06-2026,17,24,154
Hospital,Sri Ramachandra Hospital,Madurai,B-,27,10-06-2026,11,23,137
Hospital,Sri Ramachandra Hospital,Madurai,B-,24,02-07-2026,12,19,119
Hospital,Sri Ramachandra Hospital,Madurai,A+,41,13-06-2026,5,22,120
Blood Bank,City Blood Bank,Salem,A+,10,29-05-2026,1,11,57
Blood Bank,City Blood Bank,Salem,A-,55,30-05-2026,5,7,45
Blood Bank,City Blood Bank,Salem,O+,53,24-06-2026,7,6,44
Blood Bank,City Blood Bank,Salem,A+,29,25-06-2026,8,14,86
Blood Bank,City Blood Bank,Salem,O-,49,09-06-2026,1,14,72
Blood Bank,City Blood Bank,Salem,A-,33,11-06-2026,2,14,74
Blood Bank,Hope Blood Center,Salem,O+,18,20-05-2026,4,2,18
Blood Bank,Hope Blood Center,Salem,B+,3,04-06-2026,1,10,52
Blood Bank,Hope Blood Center,Salem,AB-,51,07-06-2026,2,2,14
Blood Bank,LifeCare Blood Bank,Salem,A+,6,04-06-2026,1,2,12
Blood Bank,LifeCare Blood Bank,Salem,B+,60,04-06-2026,6,11,67
Blood Bank,LifeCare Blood Bank,Salem,O-,29,05-06-2026,7,4,34
Blood Bank,Lions Blood Bank,Salem,O-,10,05-06-2026,7,8,54
Blood Bank,Lions Blood Bank,Salem,A-,34,12-06-2026,6,4,32
Blood Bank,Lions Blood Bank,Salem,AB+,38,10-06-2026,6,11,67
Blood Bank,Lions Blood Bank,Salem,B-,16,23-05-2026,1,11,57
Blood Bank,Lions Blood Bank,Salem,B+,52,18-06-2026,3,6,36
Blood Bank,Red Cross Blood Bank,Salem,B-,43,26-05-2026,5,5,35
Blood Bank,Red Cross Blood Bank,Salem,O-,46,29-05-2026,6,7,47
Blood Bank,Red Cross Blood Bank,Salem,A+,49,02-07-2026,1,5,27
Blood Bank,Red Cross Blood Bank,Salem,A+,4,10-06-2026,3,12,66
Blood Bank,Red Cross Blood Bank,Salem,A+,6,22-06-2026,2,13,69
Blood Bank,Red Cross Blood Bank,Salem,A+,28,21-05-2026,6,15,87
Blood Bank,Red Cross Blood Bank,Salem,AB+,20,17-06-2026,1,7,37
Blood Bank,Rotary Blood Center,Salem,AB-,54,23-05-2026,8,5,41
Blood Bank,Rotary Blood Center,Salem,A-,49,02-06-2026,0,11,55
Blood Bank,Rotary Blood Center,Salem,O+,24,21-06-2026,0,3,15
Blood Bank,Rotary Blood Center,Salem,A+,11,17-06-2026,7,3,29
Hospital,Apollo Chennai,Salem,O-,19,22-05-2026,18,24,156
Hospital,Apollo Chennai,Salem,B+,49,19-06-2026,14,25,153
Hospital,Apollo Chennai,Salem,O-,3,28-05-2026,9,29,163
Hospital,Apollo Chennai,Salem,B-,5,29-05-2026,18,14,106
Hospital,CMC Vellore,Salem,B-,11,18-06-2026,10,27,155
Hospital,CMC Vellore,Salem,B-,32,26-06-2026,17,29,179
Hospital,CMC Vellore,Salem,A-,58,29-06-2026,13,14,96
Hospital,Fortis Chennai,Salem,AB+,33,08-06-2026,15,13,95
Hospital,Fortis Chennai,Salem,B+,13,02-06-2026,8,27,151
Hospital,Fortis Chennai,Salem,B+,59,11-06-2026,7,28,154
Hospital,GH Chennai,Salem,O+,8,28-05-2026,19,19,133
Hospital,GH Chennai,Salem,O+,32,27-06-2026,13,24,146
Hospital,GH Chennai,Salem,A+,59,31-05-2026,12,27,159
Hospital,GH Chennai,Salem,B-,31,02-06-2026,11,28,162
Hospital,MIOT Hospital,Salem,AB+,30,09-06-2026,17,14,104
Hospital,MIOT Hospital,Salem,B-,5,26-06-2026,17,22,144
Hospital,MIOT Hospital,Salem,B-,20,01-07-2026,12,22,134
Hospital,MIOT Hospital,Salem,AB+,3,03-06-2026,20,26,170
Hospital,MIOT Hospital,Salem,O-,21,19-06-2026,14,16,108
Hospital,SIMS Hospital,Salem,B-,33,24-06-2026,17,27,169
Hospital,SRM Medical Center,Salem,O+,9,18-06-2026,5,12,70
Hospital,SRM Medical Center,Salem,O-,46,13-06-2026,6,20,112
Hospital,SRM Medical Center,Salem,O+,38,29-05-2026,19,21,143
Hospital,SRM Medical Center,Salem,AB+,2,31-05-2026,5,29,155
Hospital,SRM Medical Center,Salem,AB+,24,28-06-2026,14,13,93
Hospital,Sri Ramachandra Hospital,Salem,O+,15,17-06-2026,11,30,172
Hospital,Sri Ramachandra Hospital,Salem,O-,36,30-05-2026,9,14,88
Hospital,Sri Ramachandra Hospital,Salem,O-,14,23-06-2026,12,18,114
Hospital,Sri Ramachandra Hospital,Salem,AB-,5,25-06-2026,19,26,168
Hospital,Sri Ramachandra Hospital,Salem,A+,26,05-06-2026,19,19,133
Hospital,Vijaya Hospital,Salem,A+,26,17-06-2026,6,17,97
Blood Bank,City Blood Bank,Trichy,A-,23,16-06-2026,4,5,33
Blood Bank,City Blood Bank,Trichy,AB-,56,29-06-2026,7,12,74
Blood Bank,City Blood Bank,Trichy,B+,24,12-06-2026,8,10,66
Blood Bank,City Blood Bank,Trichy,A-,5,08-06-2026,8,4,36
Blood Bank,City Blood Bank,Trichy,B-,49,04-06-2026,8,9,61
Blood Bank,Hope Blood Center,Trichy,O-,8,04-06-2026,5,9,55
Blood Bank,Hope Blood Center,Trichy,AB+,26,24-06-2026,2,11,59
Blood Bank,Hope Blood Center,Trichy,AB-,1,15-06-2026,5,3,25
Blood Bank,Hope Blood Center,Trichy,A-,20,24-06-2026,6,4,32
Blood Bank,Hope Blood Center,Trichy,AB+,49,17-06-2026,3,9,51
Blood Bank,Hope Blood Center,Trichy,O+,40,29-06-2026,3,14,76
Blood Bank,LifeCare Blood Bank,Trichy,B-,46,08-06-2026,6,5,37
Blood Bank,LifeCare Blood Bank,Trichy,B-,32,03-06-2026,8,14,86
Blood Bank,LifeCare Blood Bank,Trichy,A-,20,18-06-2026,0,7,35
Blood Bank,LifeCare Blood Bank,Trichy,AB-,17,20-06-2026,3,9,51
Blood Bank,Lions Blood Bank,Trichy,A-,6,20-06-2026,0,5,25
Blood Bank,Lions Blood Bank,Trichy,AB-,8,06-06-2026,1,7,37
Blood Bank,Lions Blood Bank,Trichy,B+,50,28-05-2026,8,12,76
Blood Bank,Lions Blood Bank,Trichy,O-,32,08-06-2026,2,9,49
Blood Bank,Red Cross Blood Bank,Trichy,A+,40,25-05-2026,3,11,61
Blood Bank,Red Cross Blood Bank,Trichy,B-,24,16-06-2026,8,14,86
Blood Bank,Red Cross Blood Bank,Trichy,O+,39,27-06-2026,3,3,21
Blood Bank,Red Cross Blood Bank,Trichy,O-,1,29-05-2026,7,3,29
Blood Bank,Red Cross Blood Bank,Trichy,O+,19,05-06-2026,5,3,25
Blood Bank,Red Cross Blood Bank,Trichy,O-,16,02-06-2026,1,8,42
Blood Bank,Red Cross Blood Bank,Trichy,B-,24,24-06-2026,6,2,22
Blood Bank,Red Cross Blood Bank,Trichy,O-,6,21-06-2026,3,13,71
Blood Bank,Red Cross Blood Bank,Trichy,O+,30,25-06-2026,7,4,34
Blood Bank,Rotary Blood Center,Trichy,AB+,40,30-06-2026,2,9,49
Hospital,Apollo Chennai,Trichy,A-,5,23-06-2026,19,29,183
Hospital,Apollo Chennai,Trichy,O+,10,02-07-2026,20,15,115
Hospital,Apollo Chennai,Trichy,A-,60,10-06-2026,14,28,168
Hospital,Apollo Chennai,Trichy,B+,11,09-06-2026,11,28,162
Hospital,Fortis Chennai,Trichy,O-,33,22-06-2026,6,11,67
Hospital,Fortis Chennai,Trichy,AB+,55,25-05-2026,12,21,129
Hospital,Fortis Chennai,Trichy,O+,34,28-05-2026,8,15,91
Hospital,GH Chennai,Trichy,B-,38,03-06-2026,15,10,80
Hospital,GH Chennai,Trichy,B-,58,11-06-2026,8,26,146
Hospital,MIOT Hospital,Trichy,AB+,45,28-05-2026,6,11,67
Hospital,MIOT Hospital,Trichy,AB-,47,28-05-2026,19,11,93
Hospital,SIMS Hospital,Trichy,B-,38,02-06-2026,11,12,82
Hospital,SIMS Hospital,Trichy,AB-,6,14-06-2026,17,23,149
Hospital,SRM Medical Center,Trichy,O-,56,23-05-2026,11,23,137
Hospital,Sri Ramachandra Hospital,Trichy,B+,39,13-06-2026,6,20,112
Hospital,Sri Ramachandra Hospital,Trichy,B+,11,01-07-2026,10,28,160
Hospital,Sri Ramachandra Hospital,Trichy,B+,25,04-06-2026,18,23,151
Hospital,Vijaya Hospital,Trichy,B+,33,26-05-2026,5,18,100
Hospital,Vijaya Hospital,Trichy,O+,53,29-06-2026,16,18,122
Blood Bank,City Blood Bank,Vellore,O-,36,29-05-2026,7,9,59
Blood Bank,City Blood Bank,Vellore,B-,37,13-06-2026,5,15,85
Blood Bank,City Blood Bank,Vellore,B+,5,07-06-2026,3,5,31
Blood Bank,City Blood Bank,Vellore,AB-,60,25-06-2026,6,5,37
Blood Bank,City Blood Bank,Vellore,B+,21,28-06-2026,8,9,61
Blood Bank,City Blood Bank,Vellore,AB+,44,25-05-2026,3,13,71
Blood Bank,Hope Blood Center,Vellore,A-,3,01-07-2026,5,11,65
Blood Bank,Hope Blood Center,Vellore,B+,24,30-05-2026,8,11,71
Blood Bank,Hope Blood Center,Vellore,O-,45,05-06-2026,1,11,57
Blood Bank,Hope Blood Center,Vellore,A-,42,01-07-2026,5,15,85
Blood Bank,Hope Blood Center,Vellore,AB+,60,24-06-2026,7,5,39
Blood Bank,Hope Blood Center,Vellore,AB+,25,31-05-2026,6,8,52
Blood Bank,LifeCare Blood Bank,Vellore,AB+,15,01-06-2026,5,3,25
Blood Bank,LifeCare Blood Bank,Vellore,A-,16,15-06-2026,0,10,50
Blood Bank,LifeCare Blood Bank,Vellore,O-,34,30-06-2026,0,14,70
Blood Bank,LifeCare Blood Bank,Vellore,AB+,59,19-06-2026,8,6,46
Blood Bank,LifeCare Blood Bank,Vellore,B+,49,28-06-2026,1,2,12
Blood Bank,LifeCare Blood Bank,Vellore,AB+,14,28-05-2026,0,2,10
Blood Bank,LifeCare Blood Bank,Vellore,AB+,36,08-06-2026,7,5,39
Blood Bank,Lions Blood Bank,Vellore,AB+,45,02-07-2026,5,7,45
Blood Bank,Lions Blood Bank,Vellore,A+,38,23-06-2026,3,6,36
Blood Bank,Lions Blood Bank,Vellore,AB+,7,26-06-2026,1,14,72
Blood Bank,Lions Blood Bank,Vellore,A-,18,15-06-2026,8,13,81
Blood Bank,Lions Blood Bank,Vellore,AB-,7,02-07-2026,7,9,59
Blood Bank,Lions Blood Bank,Vellore,AB+,4,28-05-2026,5,2,20
Blood Bank,Lions Blood Bank,Vellore,AB+,40,23-06-2026,8,6,46
Blood Bank,Red Cross Blood Bank,Vellore,AB+,11,17-06-2026,0,7,35
Blood Bank,Red Cross Blood Bank,Vellore,B+,7,23-05-2026,4,9,53
Blood Bank,Rotary Blood Center,Vellore,A-,48,19-06-2026,0,5,25
Hospital,Apollo Chennai,Vellore,B+,48,26-05-2026,13,17,111
Hospital,CMC Vellore,Vellore,AB-,15,29-06-2026,20,19,135
Hospital,CMC Vellore,Vellore,AB-,50,07-06-2026,11,22,132
Hospital,Fortis Chennai,Vellore,A+,29,26-05-2026,20,26,170
Hospital,GH Chennai,Vellore,O-,4,24-06-2026,18,17,121
Hospital,GH Chennai,Vellore,A-,9,06-06-2026,15,29,175
Hospital,GH Chennai,Vellore,O-,2,12-06-2026,11,14,92
Hospital,Kauvery Hospital,Vellore,O-,48,27-06-2026,9,25,143
Hospital,Kauvery Hospital,Vellore,AB+,13,27-05-2026,19,21,143
Hospital,MIOT Hospital,Vellore,AB-,14,02-07-2026,14,29,173
Hospital,MIOT Hospital,Vellore,AB+,29,24-05-2026,20,30,190
Hospital,MIOT Hospital,Vellore,B+,36,24-05-2026,7,15,89
Hospital,MIOT Hospital,Vellore,B-,9,23-06-2026,15,23,145
Hospital,MIOT Hospital,Vellore,A+,21,08-06-2026,11,11,77
Hospital,MIOT Hospital,Vellore,B-,22,03-06-2026,18,19,131
Hospital,SIMS Hospital,Vellore,AB-,51,15-06-2026,18,10,86
Hospital,SIMS Hospital,Vellore,O-,3,15-06-2026,10,29,165
Hospital,SIMS Hospital,Vellore,O+,42,19-06-2026,5,27,145
Hospital,SRM Medical Center,Vellore,O+,58,23-05-2026,20,25,165
Hospital,SRM Medical Center,Vellore,B+,42,03-07-2026,20,22,150
Hospital,SRM Medical Center,Vellore,B+,59,06-06-2026,8,27,151
Hospital,SRM Medical Center,Vellore,O+,37,11-06-2026,20,13,105
Hospital,SRM Medical Center,Vellore,A+,38,24-06-2026,8,21,121
Hospital,SRM Medical Center,Vellore,A-,7,27-06-2026,5,17,95
Hospital,SRM Medical Center,Vellore,B-,37,13-06-2026,7,19,109
Hospital,Sri Ramachandra Hospital,Vellore,AB+,8,26-05-2026,14,13,93
Hospital,Sri Ramachandra Hospital,Vellore,B+,51,12-06-2026,14,19,123
Hospital,Sri Ramachandra Hospital,Vellore,AB+,15,25-06-2026,11,11,77
Hospital,Vijaya Hospital,Vellore,O-,60,07-06-2026,8,30,166
Hospital,Vijaya Hospital,Vellore,A-,29,11-06-2026,14,27,163
Hospital,Vijaya Hospital,Vellore,B+,5,18-06-2026,20,30,190
